card_id,cluster,history,current_poi,prediction,ground_truth,reason,hit
0432F44A3F3880,0,"['Arena', 'Castelvecchio', 'San Zeno', 'Casa Giulietta', 'Tomba Giulietta', 'Torre Lamberti', 'Palazzo della Ragione']",Santa Anastasia,,Duomo,,False
0479B74A3F3880,3,"['Casa Giulietta', 'Torre Lamberti', 'Duomo', 'Castelvecchio']",Arena,"['Museo Lapidario', 'Sighseeing', 'Tomba Giulietta', 'Palezzo della Ragione', 'Verona Tour']",Tomba Giulietta,"considerando le attrazioni già visitate e la loro ubicazione, questi POI sembrano essere i più probabili successivi da visitare. Museo Lapidario è vicino a Casa Giulietta, Sighseeing è un posto comune per visitare dopo avere visto i principali monumenti della città, Tomba Giulietta è una visita obbligatoria per i turisti, Palazzo della Ragione si trova in un luogo facilmente accessibile e Verona Tour sembra essere un'attività coerente con l'itinerario già seguito.",True
04FB3C523F3880,0,"['Arena', 'Casa Giulietta', 'Castelvecchio', 'Palazzo della Ragione']",Palazzo della Ragione,,San Zeno,,False
04641D4A3F3884,6,"['Duomo', 'Santa Anastasia']",Torre Lamberti,"['Casa Giulietta', 'Piazza delle Erbe', 'Museo Radio', 'Arena', ""Sant'Anastasia""]",Arena,"Considerando le attrazioni già visitate e la posizione attuale, le prossime visite più probabili sono: Casa Giulietta per il suo legame con Romeo e Giulietta; Piazza delle Erbe per essere un luogo storico e commerciale importante di Verona; Museo Radio per essere vicino alla posizione attuale e avere un interesse culturale diverso dalle attrazioni già visitate; Arena, uno dei simboli più famosi di Verona, e Sant'Anastasia, che si trova a una distanza ragionevole e è un'altra importante chiesa storica della città",True
0498FC8ABF3180,1,"['Casa Giulietta', 'Arena', 'Museo Lapidario', 'Tomba Giulietta', 'San Fermo']",Santa Anastasia,,Duomo,,False
0459F2523F3880,3,"['Casa Giulietta', 'Arena']",Tomba Giulietta,"['Museo Storia', 'Torre Lamberti', 'Castelvecchio', 'San Fermo', 'Verona Tour']",Castelvecchio,"distanza e pattern turistici (visita a case storiche, monumenti e tour)",True
046F194A3F3884,3,"['Arena', 'Torre Lamberti', 'Duomo']",Casa Giulietta,"['Museo Storia', 'Palazzo della Ragione', 'Santa Anastasia', 'San Fermo', 'Museo Conte']",Castelvecchio,"Questi punti di interesse sono stati scelti in base alla loro vicinanza e al pattern turistico comune che porta i visitatori a esplorare il centro storico e i luoghi cultuali della città. In particolare, il Museo Storia è una destinazione probabile dopo aver visitato il Duomo, mentre Palazzo della Ragione e Santa Anastasia sono attrazioni simili a quelle già visitate in città (Arena, Torre Lamberti). San Fermo e Museo Conte sono luoghi culturali che si trovano nelle vicinanze dei Poi precedentemente esplorati.",False
0419534A3F3880,6,"['Arena', 'Torre Lamberti', 'Santa Anastasia']",Duomo,"['Casa Giulietta', 'Museo Miniscalchi', 'Sighseeing', 'Centro Fotografia', 'Piazza delle Erbe']",Teatro Romano,"considerando la posizione attuale del turista vicino al Duomo e ai principali punti di interesse storico-artistici, si suggeriscono visite a luoghi più tipicamente romantici o caratteristici come Casa Giulietta, oppure attrazioni legate alla storia dell'arte e della fotografia come Museo Miniscalchi e Centro Fotografia. Sighseeing è stato incluso per la sua vicinanza e il fatto che sia un punto di partenza naturale per ulteriori esplorazioni. Piazza delle Erbe è stata scelta in base alle sue caratteristiche architettoniche storiche, nonché per essere luogo da cui si possono facilmente raggiungere gli altri punti di interesse.",False
0453E88ABF3180,0,"['Arena', 'Casa Giulietta', 'Palazzo della Ragione']",Santa Anastasia,"['Museo Miniscalchi', 'Duomo', 'Torre Lamberti', 'Sighseeing', 'Giardino Giusti']",Castelvecchio,"poiché già presente nel cluster, è probabile visitare vicini o simili POI. Distante da Casa Giulietta circa 0.4km, quindi entro portata di visita.",False
04E46F8ABF3180,6,"['Duomo', 'San Fermo']",Arena,,Castelvecchio,,False
042B8F523F3880,1,"['Arena', 'Castelvecchio', 'Duomo', 'Santa Anastasia', 'Centro Fotografia']",Casa Giulietta,"['Palazzo della Ragione', 'San Fermo', 'Museo Miniscalchi', 'AMO', 'Verona Tour']",Tomba Giulietta,"Sono state scelte le attrazioni più vicine e più comuni per i turisti, in ordine di priorità. Palazzo della Ragione è un'importante struttura storica che si trova a breve distanza da Casa Giulietta. San Fermo è un'altra chiesa molto importante nella zona e il Museo Miniscalchi offre un interessante contributo alla cultura locale. L'AMO rappresenta l'Associazione per la promozione delle arti meritevoli, mentre Verona Tour potrebbe essere utile per pianificare le visite successive.",False
0478824A3F3880,3,"['Arena', 'Castelvecchio']",Casa Giulietta,"['Palazzo della Ragione', 'San Fermo', 'Santa Anastasia', 'Museo Miniscalchi', 'AMO']",Torre Lamberti,"Questi POI sono stati selezionati in base alla loro prossimità attuale (inferiore a 0.5 km) e alle abitudini dei turisti, che tendono ad esplorare il centro storico di Verona, visitando luoghi religiosi come San Fermo e Santa Anastasia, e attrazioni culturali come Palazzo della Ragione e Museo Miniscalchi.",False
04C77C523F3880,0,"['Arena', 'Castelvecchio', 'Giardino Giusti', 'Teatro Romano']",Torre Lamberti,"['Casa Giulietta', 'Museo Conte', 'Piazza delle Erbe', 'Torre dei Lamberti', ""Gallerie d'Arte Moderna e Contemporanea""]",Palazzo della Ragione,"distanza breve e attrazioni tipiche del centro storico di Verona, inclusa la Casa di Giulietta che è un must per i turisti",False
045E2B4A3F3880,0,"['Casa Giulietta', 'Torre Lamberti', 'Palazzo della Ragione']",Arena,"['Tomba Giulietta', 'Museo Storia', 'Castelvecchio', 'Centro Fotografia', 'Sighseeing']",Castelvecchio,"situati nelle vicinanze, di interesse storico e culturale, coerenti con il pattern turistico iniziale (attrazioni storiche)",True
040FCC4A3F3880,0,"['Arena', 'Castelvecchio', 'Casa Giulietta', 'Torre Lamberti']",Palazzo della Ragione,,Tomba Giulietta,,False
0469154A3F3880,0,"['San Fermo', 'Arena', 'Torre Lamberti', 'Palazzo della Ragione', 'Casa Giulietta', 'Santa Anastasia', 'Duomo', 'Giardino Giusti', 'Tomba Giulietta']",Castelvecchio,,San Zeno,,False
04346B523F3880,0,"['Tomba Giulietta', 'Torre Lamberti', 'Palazzo della Ragione', 'Casa Giulietta']",Teatro Romano,"['Santa Anastasia', 'Duomo', 'AMO', 'Giardino Giusti', 'Sighseeing']",Castelvecchio,Questi punti di interesse sono vicini a quelli già visitati e possono essere considerati successivi per un itinerario turistico classico a Verona. La loro posizione geografica è anche coerente con i luoghi precedentemente visitati.,False
04DCBC8ABF3180,3,"['Arena', 'Torre Lamberti', 'Casa Giulietta']",Tomba Giulietta,,San Zeno,,False
04D760523F3880,6,"['San Fermo', 'Duomo', 'Santa Anastasia']",Castelvecchio,"['Casa Giulietta', 'Arena', 'San Zeno', 'Torre Lamberti', 'Museo Lapidario']",Arena,"le scelte sono basate sulla loro vicinanza agli attuali punti visitati e su pattern turistici comuni, come la visita alla Casa di Giulietta in un cluster che comprende anche altri luoghi storico-artistici",True
04E136523F3880,3,['Arena'],Casa Giulietta,,Torre Lamberti,,False
0494DA523F3880,1,"['Castelvecchio', 'Arena', 'Casa Giulietta', 'Santa Anastasia']",Duomo,,Torre Lamberti,,False
04B4A9523F3880,3,"['Arena', 'Tomba Giulietta', 'Casa Giulietta']",Santa Anastasia,,Torre Lamberti,,False
04D6CD523F3880,0,"['Arena', 'Teatro Romano', 'Torre Lamberti', 'Palazzo della Ragione', 'San Fermo', 'Castelvecchio']",Tomba Giulietta,,Casa Giulietta,,False
04CE46523F3880,1,"['Torre Lamberti', 'Arena', 'Giardino Giusti', 'Casa Giulietta', 'Santa Anastasia', 'Castelvecchio']",San Zeno,,AMO,,False
0468344A3F3880,3,['Torre Lamberti'],Casa Giulietta,"['Casa Giulietta', 'Piazza delle Erbe', 'Palazzo della Ragione', 'Museo Miniscalchi', 'Arena']",Castelvecchio,"Prossime visite probabili a Verona, in base al pattern turistico e alla distanza tra i punti di interesse. La Torre Lamberti è già stata visitata e Casa Giulietta è l'attuale posizione del turista. Sono state selezionate destinazioni famose e vicine ai POI attuali.",False
